picture_category,photo,example_img_link
0,,"https://codywinchester.com/the-onion-american-voices/pictures/0.jpg"
1,,"https://codywinchester.com/the-onion-american-voices/pictures/1.jpg"
2,,"https://codywinchester.com/the-onion-american-voices/pictures/2.jpg"
3,,"https://codywinchester.com/the-onion-american-voices/pictures/3.jpg"
4,,"https://codywinchester.com/the-onion-american-voices/pictures/4.jpg"
5,,"https://codywinchester.com/the-onion-american-voices/pictures/5.jpg"
6,,"https://codywinchester.com/the-onion-american-voices/pictures/6.jpg"
7,,"https://codywinchester.com/the-onion-american-voices/pictures/7.jpg"
8,,"https://codywinchester.com/the-onion-american-voices/pictures/8.jpg"
9,,"https://codywinchester.com/the-onion-american-voices/pictures/9.jpg"
10,,"https://codywinchester.com/the-onion-american-voices/pictures/10.jpg"
11,,"https://codywinchester.com/the-onion-american-voices/pictures/11.jpg"
12,,"https://codywinchester.com/the-onion-american-voices/pictures/12.jpg"
13,,"https://codywinchester.com/the-onion-american-voices/pictures/13.jpg"
14,,"https://codywinchester.com/the-onion-american-voices/pictures/14.jpg"
15,,"https://codywinchester.com/the-onion-american-voices/pictures/15.jpg"
16,,"https://codywinchester.com/the-onion-american-voices/pictures/16.jpg"
17,,"https://codywinchester.com/the-onion-american-voices/pictures/17.jpg"
18,,"https://codywinchester.com/the-onion-american-voices/pictures/18.jpg"
19,,"https://codywinchester.com/the-onion-american-voices/pictures/19.jpg"
20,,"https://codywinchester.com/the-onion-american-voices/pictures/20.jpg"
21,,"https://codywinchester.com/the-onion-american-voices/pictures/21.jpg"
22,,"https://codywinchester.com/the-onion-american-voices/pictures/22.jpg"
23,,"https://codywinchester.com/the-onion-american-voices/pictures/23.jpg"
24,,"https://codywinchester.com/the-onion-american-voices/pictures/24.jpg"
25,,"https://codywinchester.com/the-onion-american-voices/pictures/25.jpg"
26,,"https://codywinchester.com/the-onion-american-voices/pictures/26.jpg"
27,,"https://codywinchester.com/the-onion-american-voices/pictures/27.jpg"
28,,"https://codywinchester.com/the-onion-american-voices/pictures/28.jpg"
29,,"https://codywinchester.com/the-onion-american-voices/pictures/29.jpg"
30,,"https://codywinchester.com/the-onion-american-voices/pictures/30.jpg"
31,,"https://codywinchester.com/the-onion-american-voices/pictures/31.jpg"
33,,"https://codywinchester.com/the-onion-american-voices/pictures/33.jpg"
34,,"https://codywinchester.com/the-onion-american-voices/pictures/34.jpg"
35,,"https://codywinchester.com/the-onion-american-voices/pictures/35.jpg"
36,,"https://codywinchester.com/the-onion-american-voices/pictures/36.jpg"
37,,"https://codywinchester.com/the-onion-american-voices/pictures/37.jpg"
38,,"https://codywinchester.com/the-onion-american-voices/pictures/38.jpg"
39,,"https://codywinchester.com/the-onion-american-voices/pictures/39.jpg"
40,,"https://codywinchester.com/the-onion-american-voices/pictures/40.jpg"
41,,"https://codywinchester.com/the-onion-american-voices/pictures/41.jpg"
42,,"https://codywinchester.com/the-onion-american-voices/pictures/42.jpg"
43,,"https://codywinchester.com/the-onion-american-voices/pictures/43.jpg"
44,,"https://codywinchester.com/the-onion-american-voices/pictures/44.jpg"
45,,"https://codywinchester.com/the-onion-american-voices/pictures/45.jpg"
46,,"https://codywinchester.com/the-onion-american-voices/pictures/46.jpg"
47,,"https://codywinchester.com/the-onion-american-voices/pictures/47.jpg"
48,,"https://codywinchester.com/the-onion-american-voices/pictures/48.jpg"
49,,"https://codywinchester.com/the-onion-american-voices/pictures/49.jpg"
50,,"https://codywinchester.com/the-onion-american-voices/pictures/50.jpg"
51,,"https://codywinchester.com/the-onion-american-voices/pictures/51.jpg"
52,,"https://codywinchester.com/the-onion-american-voices/pictures/52.jpg"
53,,"https://codywinchester.com/the-onion-american-voices/pictures/53.jpg"
54,,"https://codywinchester.com/the-onion-american-voices/pictures/54.jpg"
55,,"https://codywinchester.com/the-onion-american-voices/pictures/55.jpg"
56,,"https://codywinchester.com/the-onion-american-voices/pictures/56.jpg"
57,,"https://theonion.com/wp-content/uploads/2023/11/3a14af9e1503ac28d630e87c3c3e6796.jpg"